Caenorhabditis,AUA,M,AGA,S,AGG,S,,,,
Drosophila,AUA,M,AGA,S,AGG,S,,,,
Trichinella,AUA,M,AGA,S,AGG,S,,,,
Myxine,AUA,M,,,,,,,,
Homo,AUA,M,,,,,,,,
Ciona,AUA,M,AGA,G,AGG,G,,,,
Patiria,AAA,K,AGA,S,AGG,S,,,,
BAnoglossus,AGA,S,AGG,S,,,,,,
Saccoglossus,AGA,S,AGG,S,,,,,,
Fasciola,AAA,N,AGA,S,AGG,S,,,,
Lumbricus,AUA,M,AGA,S,AGG,S,,,,
Halocynthia,AUA,M,AGA,G,AGG,G,,,,
Limulus,AUA,M,AGA,S,AGG,S,,,,
Schistosoma,AAA,K,AGA,S,AGG,S,,,,
Epigonichthys,AUA,M,AGA,S,AGG,S,,,,
Daphnia,AUA,M,AGA,S,AGG,S,,,,
Paracentrotus,AAA,N,AGA,S,AGG,S,,,,
Katharina,AUA,M,AGA,S,AGG,S,,,,
Terebratulina,AUA,M,AGA,S,AGG,S,,,,
Bfloridae,AUA,M,AGA,S,AGG,S,,,,
Blanceolatum,AUA,M,AGA,S,AGG,S,,,,
Scere,AUA,M,CUA,T,CUG,T,CUU,T,CUC,T
Cglab,AUA,M,CUA,T,CUG,T,CUU,T,CUC,T
Spomb,,,,,,,,,,
Socto,,,,,,,,,,
Agoss,AUA,M,CUA,A,CUG,A,CUU,A,CUC,A
Scast,AUA,M,CUA,T,CUG,T,CUU,T,CUC,T
Kther,CUA,T,CUG,T,CUU,T,CUC,T,,
Klact,,,,,,,,,,
Sjap,,,,,,,,,,
Ylip,,,,,,,,,,
Calbi,,,,,,,,,,
Cpara,,,,,,,,,,
