Species	Gene	Codon	AA	Pos	Domain	Pfam	start	end	description
SarboA	atp9	CTA	T	45	ATP-synt_C	PF00137.19	9	71	ATP synthase subunit C
LanspB	atp9	CTA	T	60	ATP-synt_C	PF00137.19	9	71	ATP synthase subunit C
LanspA	atp9	CTA	T	60	ATP-synt_C	PF00137.19	9	71	ATP synthase subunit C
HuvarA	atp9	CTA	T	45	HRG	PF16954.3	11	48	Haem-transporter, endosomal/lysosomal, haem-responsive gene
SpastA	atp9	CTA	T	45	ATP-synt_C	PF00137.19	9	71	ATP synthase subunit C
ScereC	atp9	CTA	T	45	ATP-synt_C	PF00137.19	9	71	ATP synthase subunit C
ScereA	atp9	CTA	T	45	ATP-synt_C	PF00137.19	9	71	ATP synthase subunit C
ScereD	atp9	CTA	T	45	ATP-synt_C	PF00137.19	9	71	ATP synthase subunit C
ScereE	atp9	CTA	T	45	ATP-synt_C	PF00137.19	9	71	ATP synthase subunit C
LanspB	atp9	CTA	V	60	ATP-synt_C	PF00137.19	9	71	ATP synthase subunit C
SarboA	atp8	ATA	M	18	Fun_ATP-synt_8	PF05933.11	0	47	Fungal ATP synthase protein 8 (A6L)
AgossB	atp8	ATA	M	2	Fun_ATP-synt_8	PF05933.11	0	47	Fungal ATP synthase protein 8 (A6L)
AgossA	atp8	ATA	M	2	Fun_ATP-synt_8	PF05933.11	0	47	Fungal ATP synthase protein 8 (A6L)
AgossB	atp8	ATA	L	2	Fun_ATP-synt_8	PF05933.11	0	47	Fungal ATP synthase protein 8 (A6L)
AgossA	atp8	ATA	L	2	Fun_ATP-synt_8	PF05933.11	0	47	Fungal ATP synthase protein 8 (A6L)
AgossB	atp8	CTA	A	16	Fun_ATP-synt_8	PF05933.11	0	47	Fungal ATP synthase protein 8 (A6L)
AgossA	atp8	CTA	A	16	Fun_ATP-synt_8	PF05933.11	0	47	Fungal ATP synthase protein 8 (A6L)
SarboA	cox2	ATA	M	127	COX2	PF00116.18	114	238	Cytochrome C oxidase subunit II, periplasmic domain
SarboA	cox2	ATA	M	180	COX2	PF00116.18	114	238	Cytochrome C oxidase subunit II, periplasmic domain
SarboA	cox2	ATA	M	245	NID	NID	-	-	NID
NbaciA	cox2	ATA	M	127	COX2	PF00116.18	110	234	Cytochrome C oxidase subunit II, periplasmic domain
CcastA	cox2	ATA	M	127	COX2	PF00116.18	110	234	Cytochrome C oxidase subunit II, periplasmic domain
CcastA	cox2	ATA	M	180	COX2	PF00116.18	110	234	Cytochrome C oxidase subunit II, periplasmic domain
CcastA	cox2	ATA	M	245	NID	NID	-	-	NID
AgossB	cox2	ATA	M	54	COX2_TM	PF02790.13	13	99	Cytochrome C oxidase subunit II, transmembrane domain
AgossB	cox2	ATA	M	68	DUF818	PF05677.10	56	139	Chlamydia CHLPS protein (DUF818)
AgossB	cox2	ATA	M	92	DUF818	PF05677.10	56	139	Chlamydia CHLPS protein (DUF818)
AgossB	cox2	ATA	M	127	COX2	PF00116.18	111	235	Cytochrome C oxidase subunit II, periplasmic domain
AgossB	cox2	ATA	M	245	NID	NID	-	-	NID
ScereC	cox2	ATA	M	127	COX2	PF00116.18	114	238	Cytochrome C oxidase subunit II, periplasmic domain
ScereC	cox2	ATA	M	180	COX2	PF00116.18	114	238	Cytochrome C oxidase subunit II, periplasmic domain
ScereA	cox2	ATA	M	127	COX2	PF00116.18	114	238	Cytochrome C oxidase subunit II, periplasmic domain
ScereA	cox2	ATA	M	180	COX2	PF00116.18	114	238	Cytochrome C oxidase subunit II, periplasmic domain
ScereD	cox2	ATA	M	127	COX2	PF00116.18	114	238	Cytochrome C oxidase subunit II, periplasmic domain
ScereD	cox2	ATA	M	180	COX2	PF00116.18	114	238	Cytochrome C oxidase subunit II, periplasmic domain
AgossA	cox2	ATA	M	54	DUF818	PF05677.10	53	136	Chlamydia CHLPS protein (DUF818)
AgossA	cox2	ATA	M	68	DUF818	PF05677.10	53	136	Chlamydia CHLPS protein (DUF818)
AgossA	cox2	ATA	M	92	DUF818	PF05677.10	53	136	Chlamydia CHLPS protein (DUF818)
AgossA	cox2	ATA	M	127	COX2	PF00116.18	108	232	Cytochrome C oxidase subunit II, periplasmic domain
ScastA	cox2	ATA	M	127	COX2	PF00116.18	112	236	Cytochrome C oxidase subunit II, periplasmic domain
ScastA	cox2	ATA	M	181	COX2	PF00116.18	112	236	Cytochrome C oxidase subunit II, periplasmic domain
ScastA	cox2	ATA	M	245	NID	NID	-	-	NID
AgossB	cox2	ATA	L	54	COX2_TM	PF02790.13	13	99	Cytochrome C oxidase subunit II, transmembrane domain
AgossB	cox2	ATA	L	68	DUF818	PF05677.10	56	139	Chlamydia CHLPS protein (DUF818)
AgossB	cox2	ATA	L	92	DUF818	PF05677.10	56	139	Chlamydia CHLPS protein (DUF818)
AgossB	cox2	ATA	L	127	COX2	PF00116.18	111	235	Cytochrome C oxidase subunit II, periplasmic domain
AgossB	cox2	ATA	L	245	NID	NID	-	-	NID
AgossA	cox2	ATA	L	54	DUF818	PF05677.10	53	136	Chlamydia CHLPS protein (DUF818)
AgossA	cox2	ATA	L	68	DUF818	PF05677.10	53	136	Chlamydia CHLPS protein (DUF818)
AgossA	cox2	ATA	L	92	DUF818	PF05677.10	53	136	Chlamydia CHLPS protein (DUF818)
AgossA	cox2	ATA	L	127	COX2	PF00116.18	108	232	Cytochrome C oxidase subunit II, periplasmic domain
AacerA	cox2	CTA	A	39	COX2_TM	PF02790.13	14	100	Cytochrome C oxidase subunit II, transmembrane domain
AacerA	cox2	CTA	A	40	COX2_TM	PF02790.13	14	100	Cytochrome C oxidase subunit II, transmembrane domain
AacerA	cox2	CTA	A	212	COX2	PF00116.18	112	236	Cytochrome C oxidase subunit II, periplasmic domain
AgossB	cox2	CTA	A	39	COX2_TM	PF02790.13	13	99	Cytochrome C oxidase subunit II, transmembrane domain
AgossB	cox2	CTA	A	40	COX2_TM	PF02790.13	13	99	Cytochrome C oxidase subunit II, transmembrane domain
AgossB	cox2	CTA	A	212	COX2	PF00116.18	111	235	Cytochrome C oxidase subunit II, periplasmic domain
AgossA	cox2	CTA	A	39	COX2_TM	PF02790.13	10	96	Cytochrome C oxidase subunit II, transmembrane domain
AgossA	cox2	CTA	A	40	COX2_TM	PF02790.13	10	96	Cytochrome C oxidase subunit II, transmembrane domain
AgossA	cox2	CTA	A	212	COX2	PF00116.18	108	232	Cytochrome C oxidase subunit II, periplasmic domain
SarboA	cox2	CTG	V	240	NID	NID	-	-	NID
ScereD	cox2	CTG	T	240	NID	NID	-	-	NID
LmeyeA	cox2	CTA	T	64	COX2_TM	PF02790.13	17	103	Cytochrome C oxidase subunit II, transmembrane domain
LmeyeA	cox2	CTA	T	72	COX2_TM	PF02790.13	17	103	Cytochrome C oxidase subunit II, transmembrane domain
LmeyeA	cox2	CTA	T	240	NID	NID	-	-	NID
KtherA	cox2	CTA	T	72	COX2_TM	PF02790.13	16	102	Cytochrome C oxidase subunit II, transmembrane domain
KtherA	cox2	CTA	T	240	NID	NID	-	-	NID
NbaciA	cox2	CTA	T	186	COX2	PF00116.18	110	234	Cytochrome C oxidase subunit II, periplasmic domain
NbaciA	cox2	CTA	T	193	COX2	PF00116.18	110	234	Cytochrome C oxidase subunit II, periplasmic domain
NbaciA	cox2	CTA	T	213	COX2	PF00116.18	110	234	Cytochrome C oxidase subunit II, periplasmic domain
CcastA	cox2	CTA	T	40	COX2_TM	PF02790.13	12	98	Cytochrome C oxidase subunit II, transmembrane domain
CcastA	cox2	CTA	T	153	COX2	PF00116.18	110	234	Cytochrome C oxidase subunit II, periplasmic domain
CcastA	cox2	CTA	T	193	COX2	PF00116.18	110	234	Cytochrome C oxidase subunit II, periplasmic domain
LanspB	cox2	CTA	T	64	COX2_TM	PF02790.13	15	101	Cytochrome C oxidase subunit II, transmembrane domain
LanspB	cox2	CTA	T	72	COX2_TM	PF02790.13	15	101	Cytochrome C oxidase subunit II, transmembrane domain
LanspB	cox2	CTA	T	240	NID	NID	-	-	NID
LanspA	cox2	CTA	T	72	COX2_TM	PF02790.13	9	95	Cytochrome C oxidase subunit II, transmembrane domain
LanspA	cox2	CTA	T	240	NID	NID	-	-	NID
HuvarA	cox2	CTA	T	64	COX2_TM	PF02790.13	7	95	Cytochrome C oxidase subunit II, transmembrane domain
HuvarA	cox2	CTA	T	128	COX2	PF00116.18	107	232	Cytochrome C oxidase subunit II, periplasmic domain
HuvarA	cox2	CTA	T	152	COX2	PF00116.18	107	232	Cytochrome C oxidase subunit II, periplasmic domain
HuvarA	cox2	CTA	T	178	COX2	PF00116.18	107	232	Cytochrome C oxidase subunit II, periplasmic domain
HuvarA	cox2	CTA	T	184	COX2	PF00116.18	107	232	Cytochrome C oxidase subunit II, periplasmic domain
HuvarA	cox2	CTA	T	186	COX2	PF00116.18	107	232	Cytochrome C oxidase subunit II, periplasmic domain
HuvarA	cox2	CTA	T	220	COX2	PF00116.18	107	232	Cytochrome C oxidase subunit II, periplasmic domain
HuvarA	cox2	CTA	T	244	NID	NID	-	-	NID
NdelpA	cox2	CTA	T	153	COX2	PF00116.18	113	225	Cytochrome C oxidase subunit II, periplasmic domain
NdelpA	cox2	CTA	T	186	COX2	PF00116.18	113	225	Cytochrome C oxidase subunit II, periplasmic domain
LkluyF	cox2	CTA	T	72	COX2_TM	PF02790.13	16	102	Cytochrome C oxidase subunit II, transmembrane domain
LdasiA	cox2	CTA	T	64	COX2_TM	PF02790.13	16	102	Cytochrome C oxidase subunit II, transmembrane domain
LdasiA	cox2	CTA	T	72	COX2_TM	PF02790.13	16	102	Cytochrome C oxidase subunit II, transmembrane domain
LdasiA	cox2	CTA	T	240	NID	NID	-	-	NID
LkluyE	cox2	CTA	T	72	COX2_TM	PF02790.13	16	102	Cytochrome C oxidase subunit II, transmembrane domain
LkluyD	cox2	CTA	T	72	COX2_TM	PF02790.13	16	102	Cytochrome C oxidase subunit II, transmembrane domain
LkluyC	cox2	CTA	T	72	COX2_TM	PF02790.13	16	102	Cytochrome C oxidase subunit II, transmembrane domain
LkluyA	cox2	CTA	T	72	COX2_TM	PF02790.13	16	102	Cytochrome C oxidase subunit II, transmembrane domain
ScereE	cox2	CTA	T	240	NID	NID	-	-	NID
LnothA	cox2	CTA	T	64	COX2_TM	PF02790.13	16	102	Cytochrome C oxidase subunit II, transmembrane domain
LnothA	cox2	CTA	T	72	COX2_TM	PF02790.13	16	102	Cytochrome C oxidase subunit II, transmembrane domain
LnothA	cox2	CTA	T	240	NID	NID	-	-	NID
LmeyeA	cox2	CTA	V	64	COX2_TM	PF02790.13	17	103	Cytochrome C oxidase subunit II, transmembrane domain
LmeyeA	cox2	CTA	V	72	COX2_TM	PF02790.13	17	103	Cytochrome C oxidase subunit II, transmembrane domain
LmeyeA	cox2	CTA	V	240	NID	NID	-	-	NID
LanspB	cox2	CTA	V	64	COX2_TM	PF02790.13	15	101	Cytochrome C oxidase subunit II, transmembrane domain
LanspB	cox2	CTA	V	72	COX2_TM	PF02790.13	15	101	Cytochrome C oxidase subunit II, transmembrane domain
LanspB	cox2	CTA	V	240	NID	NID	-	-	NID
LdasiA	cox2	CTA	V	64	COX2_TM	PF02790.13	16	102	Cytochrome C oxidase subunit II, transmembrane domain
LdasiA	cox2	CTA	V	72	COX2_TM	PF02790.13	16	102	Cytochrome C oxidase subunit II, transmembrane domain
LdasiA	cox2	CTA	V	240	NID	NID	-	-	NID
LnothA	cox2	CTA	V	64	COX2_TM	PF02790.13	16	102	Cytochrome C oxidase subunit II, transmembrane domain
LnothA	cox2	CTA	V	72	COX2_TM	PF02790.13	16	102	Cytochrome C oxidase subunit II, transmembrane domain
LnothA	cox2	CTA	V	240	NID	NID	-	-	NID
AacerA	cox2	CTT	A	83	COX2_TM	PF02790.13	14	100	Cytochrome C oxidase subunit II, transmembrane domain
AacerA	cox2	CTT	A	248	NID	NID	-	-	NID
AgossB	cox2	CTT	A	83	DUF818	PF05677.10	56	139	Chlamydia CHLPS protein (DUF818)
AgossB	cox2	CTT	A	247	NID	NID	-	-	NID
AgossA	cox2	CTT	A	83	DUF818	PF05677.10	53	136	Chlamydia CHLPS protein (DUF818)
AgossA	cox2	CTT	A	244	NID	NID	-	-	NID
LmeyeA	cox3	CTT	T	268	COX3	PF00510.16	11	268	Cytochrome c oxidase subunit III
KtherA	cox3	CTT	T	268	COX3	PF00510.16	11	268	Cytochrome c oxidase subunit III
LanspB	cox3	CTT	T	268	COX3	PF00510.16	11	268	Cytochrome c oxidase subunit III
LanspA	cox3	CTT	T	268	COX3	PF00510.16	11	268	Cytochrome c oxidase subunit III
LdasiA	cox3	CTT	T	268	COX3	PF00510.16	11	268	Cytochrome c oxidase subunit III
SarboA	cox3	ATA	M	141	COX3	PF00510.16	11	268	Cytochrome c oxidase subunit III
SarboA	cox3	ATA	M	268	COX3	PF00510.16	11	268	Cytochrome c oxidase subunit III
CcastA	cox3	ATA	M	74	COX3	PF00510.16	11	268	Cytochrome c oxidase subunit III
CcastA	cox3	ATA	M	221	COX3	PF00510.16	11	268	Cytochrome c oxidase subunit III
AgossB	cox3	ATA	M	122	COX3	PF00510.16	11	268	Cytochrome c oxidase subunit III
ScereC	cox3	ATA	M	141	COX3	PF00510.16	11	268	Cytochrome c oxidase subunit III
ScereA	cox3	ATA	M	141	COX3	PF00510.16	11	268	Cytochrome c oxidase subunit III
ScereD	cox3	ATA	M	141	COX3	PF00510.16	11	268	Cytochrome c oxidase subunit III
AgossA	cox3	ATA	M	122	COX3	PF00510.16	11	268	Cytochrome c oxidase subunit III
ScastA	cox3	ATA	M	74	COX3	PF00510.16	11	268	Cytochrome c oxidase subunit III
AgossB	cox3	ATA	L	122	COX3	PF00510.16	11	268	Cytochrome c oxidase subunit III
AgossA	cox3	ATA	L	122	COX3	PF00510.16	11	268	Cytochrome c oxidase subunit III
AgossB	cox3	CTA	A	93	COX3	PF00510.16	11	268	Cytochrome c oxidase subunit III
AgossB	cox3	CTA	A	121	COX3	PF00510.16	11	268	Cytochrome c oxidase subunit III
AgossB	cox3	CTA	A	152	COX3	PF00510.16	11	268	Cytochrome c oxidase subunit III
AgossB	cox3	CTA	A	179	COX3	PF00510.16	11	268	Cytochrome c oxidase subunit III
AgossB	cox3	CTA	A	212	COX3	PF00510.16	11	268	Cytochrome c oxidase subunit III
AgossA	cox3	CTA	A	93	COX3	PF00510.16	11	268	Cytochrome c oxidase subunit III
AgossA	cox3	CTA	A	121	COX3	PF00510.16	11	268	Cytochrome c oxidase subunit III
AgossA	cox3	CTA	A	152	COX3	PF00510.16	11	268	Cytochrome c oxidase subunit III
AgossA	cox3	CTA	A	179	COX3	PF00510.16	11	268	Cytochrome c oxidase subunit III
AgossA	cox3	CTA	A	212	COX3	PF00510.16	11	268	Cytochrome c oxidase subunit III
LnothA	cox3	CTG	T	268	COX3	PF00510.16	11	268	Cytochrome c oxidase subunit III
SarboA	cox3	CTA	T	96	COX3	PF00510.16	11	268	Cytochrome c oxidase subunit III
SarboA	cox3	CTA	T	179	COX3	PF00510.16	11	268	Cytochrome c oxidase subunit III
SarboA	cox3	CTA	T	268	COX3	PF00510.16	11	268	Cytochrome c oxidase subunit III
CcastA	cox3	CTA	T	179	COX3	PF00510.16	11	268	Cytochrome c oxidase subunit III
CcastA	cox3	CTA	T	268	COX3	PF00510.16	11	268	Cytochrome c oxidase subunit III
CcastA	cox3	CTA	T	268	COX3	PF00510.16	11	268	Cytochrome c oxidase subunit III
HuvarA	cox3	CTA	T	177	COX3	PF00510.16	3	260	Cytochrome c oxidase subunit III
HuvarA	cox3	CTA	T	215	COX3	PF00510.16	3	260	Cytochrome c oxidase subunit III
HuvarA	cox3	CTA	T	230	COX3	PF00510.16	3	260	Cytochrome c oxidase subunit III
NdelpA	cox3	CTA	T	119	COX3	PF00510.16	11	268	Cytochrome c oxidase subunit III
NdelpA	cox3	CTA	T	179	COX3	PF00510.16	11	268	Cytochrome c oxidase subunit III
LkluyF	cox3	CTA	T	268	COX3	PF00510.16	11	268	Cytochrome c oxidase subunit III
LkluyE	cox3	CTA	T	268	COX3	PF00510.16	11	268	Cytochrome c oxidase subunit III
LkluyD	cox3	CTA	T	268	COX3	PF00510.16	11	268	Cytochrome c oxidase subunit III
LkluyC	cox3	CTA	T	268	COX3	PF00510.16	11	268	Cytochrome c oxidase subunit III
LkluyA	cox3	CTA	T	268	COX3	PF00510.16	11	268	Cytochrome c oxidase subunit III
SpastA	cox3	CTA	T	96	COX3	PF00510.16	11	268	Cytochrome c oxidase subunit III
SpastA	cox3	CTA	T	179	COX3	PF00510.16	11	268	Cytochrome c oxidase subunit III
SpastA	cox3	CTA	T	268	COX3	PF00510.16	11	268	Cytochrome c oxidase subunit III
ScereC	cox3	CTA	T	96	COX3	PF00510.16	11	268	Cytochrome c oxidase subunit III
ScereC	cox3	CTA	T	179	COX3	PF00510.16	11	268	Cytochrome c oxidase subunit III
ScereC	cox3	CTA	T	268	COX3	PF00510.16	11	268	Cytochrome c oxidase subunit III
ScereA	cox3	CTA	T	96	COX3	PF00510.16	11	268	Cytochrome c oxidase subunit III
ScereA	cox3	CTA	T	179	COX3	PF00510.16	11	268	Cytochrome c oxidase subunit III
ScereA	cox3	CTA	T	268	COX3	PF00510.16	11	268	Cytochrome c oxidase subunit III
ScereD	cox3	CTA	T	96	COX3	PF00510.16	11	268	Cytochrome c oxidase subunit III
ScereD	cox3	CTA	T	179	COX3	PF00510.16	11	268	Cytochrome c oxidase subunit III
ScereD	cox3	CTA	T	268	COX3	PF00510.16	11	268	Cytochrome c oxidase subunit III
ScereE	cox3	CTA	T	96	COX3	PF00510.16	11	268	Cytochrome c oxidase subunit III
ScereE	cox3	CTA	T	179	COX3	PF00510.16	11	268	Cytochrome c oxidase subunit III
ScereE	cox3	CTA	T	268	COX3	PF00510.16	11	268	Cytochrome c oxidase subunit III
LmeyeA	cox1	CTT	T	417	COX1	PF00115.18	12	459	Cytochrome C and Quinol oxidase polypeptide I
KtherA	cox1	CTT	T	417	COX1	PF00115.18	12	459	Cytochrome C and Quinol oxidase polypeptide I
NbaciA	cox1	CTT	T	417	COX1	PF00115.18	12	459	Cytochrome C and Quinol oxidase polypeptide I
LanspB	cox1	CTT	T	417	COX1	PF00115.18	12	459	Cytochrome C and Quinol oxidase polypeptide I
LanspA	cox1	CTT	T	417	COX1	PF00115.18	12	459	Cytochrome C and Quinol oxidase polypeptide I
HuvarA	cox1	CTT	T	39	COX1	PF00115.18	8	451	Cytochrome C and Quinol oxidase polypeptide I
HuvarA	cox1	CTT	T	251	COX1	PF00115.18	8	451	Cytochrome C and Quinol oxidase polypeptide I
HuvarA	cox1	CTT	T	462	NID	NID	-	-	NID
HuvarA	cox1	CTT	T	517	NID	NID	-	-	NID
LdasiA	cox1	CTT	T	417	COX1	PF00115.18	12	459	Cytochrome C and Quinol oxidase polypeptide I
SpastA	cox1	CTT	T	397	COX1	PF00115.18	12	459	Cytochrome C and Quinol oxidase polypeptide I
LnothA	cox1	CTT	T	417	COX1	PF00115.18	12	459	Cytochrome C and Quinol oxidase polypeptide I
SarboA	cox1	ATA	M	99	COX1	PF00115.18	12	459	Cytochrome C and Quinol oxidase polypeptide I
SarboA	cox1	ATA	M	120	COX1	PF00115.18	12	459	Cytochrome C and Quinol oxidase polypeptide I
SarboA	cox1	ATA	M	442	COX1	PF00115.18	12	459	Cytochrome C and Quinol oxidase polypeptide I
NbaciA	cox1	ATA	M	52	COX1	PF00115.18	12	459	Cytochrome C and Quinol oxidase polypeptide I
NbaciA	cox1	ATA	M	60	COX1	PF00115.18	12	459	Cytochrome C and Quinol oxidase polypeptide I
CcastA	cox1	ATA	M	33	COX1	PF00115.18	13	460	Cytochrome C and Quinol oxidase polypeptide I
CcastA	cox1	ATA	M	60	COX1	PF00115.18	13	460	Cytochrome C and Quinol oxidase polypeptide I
CcastA	cox1	ATA	M	339	COX1	PF00115.18	13	460	Cytochrome C and Quinol oxidase polypeptide I
CcastA	cox1	ATA	M	481	Col_cuticle_N|452-482	PF01484.15	452	482	Nematode cuticle collagen N-terminal domain
CcastA	cox1	ATA	M	534	NID	NID	-	-	NID
AgossB	cox1	ATA	M	65	COX1	PF00115.18	13	460	Cytochrome C and Quinol oxidase polypeptide I
AgossB	cox1	ATA	M	71	COX1	PF00115.18	13	460	Cytochrome C and Quinol oxidase polypeptide I
AgossB	cox1	ATA	M	99	COX1	PF00115.18	13	460	Cytochrome C and Quinol oxidase polypeptide I
AgossB	cox1	ATA	M	105	COX1	PF00115.18	13	460	Cytochrome C and Quinol oxidase polypeptide I
AgossB	cox1	ATA	M	120	COX1	PF00115.18	13	460	Cytochrome C and Quinol oxidase polypeptide I
AgossB	cox1	ATA	M	126	COX1	PF00115.18	13	460	Cytochrome C and Quinol oxidase polypeptide I
AgossB	cox1	ATA	M	151	COX1	PF00115.18	13	460	Cytochrome C and Quinol oxidase polypeptide I
AgossB	cox1	ATA	M	205	COX1	PF00115.18	13	460	Cytochrome C and Quinol oxidase polypeptide I
AgossB	cox1	ATA	M	228	COX1	PF00115.18	13	460	Cytochrome C and Quinol oxidase polypeptide I
AgossB	cox1	ATA	M	231	COX1	PF00115.18	13	460	Cytochrome C and Quinol oxidase polypeptide I
AgossB	cox1	ATA	M	242	COX1	PF00115.18	13	460	Cytochrome C and Quinol oxidase polypeptide I
AgossB	cox1	ATA	M	296	COX1	PF00115.18	13	460	Cytochrome C and Quinol oxidase polypeptide I
AgossB	cox1	ATA	M	316	COX1	PF00115.18	13	460	Cytochrome C and Quinol oxidase polypeptide I
AgossB	cox1	ATA	M	317	COX1	PF00115.18	13	460	Cytochrome C and Quinol oxidase polypeptide I
AgossB	cox1	ATA	M	335	COX1	PF00115.18	13	460	Cytochrome C and Quinol oxidase polypeptide I
AgossB	cox1	ATA	M	339	COX1	PF00115.18	13	460	Cytochrome C and Quinol oxidase polypeptide I
AgossB	cox1	ATA	M	376	COX1	PF00115.18	13	460	Cytochrome C and Quinol oxidase polypeptide I
AgossB	cox1	ATA	M	401	COX1	PF00115.18	13	460	Cytochrome C and Quinol oxidase polypeptide I
AgossB	cox1	ATA	M	430	COX1	PF00115.18	13	460	Cytochrome C and Quinol oxidase polypeptide I
AgossB	cox1	ATA	M	487	NID	NID	-	-	NID
AgossB	cox1	ATA	M	534	NID	NID	-	-	NID
ScereC	cox1	ATA	M	120	COX1	PF00115.18	12	459	Cytochrome C and Quinol oxidase polypeptide I
ScereA	cox1	ATA	M	120	COX1	PF00115.18	12	459	Cytochrome C and Quinol oxidase polypeptide I
ScereD	cox1	ATA	M	120	COX1	PF00115.18	12	459	Cytochrome C and Quinol oxidase polypeptide I
AgossA	cox1	ATA	M	65	COX1	PF00115.18	13	460	Cytochrome C and Quinol oxidase polypeptide I
AgossA	cox1	ATA	M	71	COX1	PF00115.18	13	460	Cytochrome C and Quinol oxidase polypeptide I
AgossA	cox1	ATA	M	99	COX1	PF00115.18	13	460	Cytochrome C and Quinol oxidase polypeptide I
AgossA	cox1	ATA	M	105	COX1	PF00115.18	13	460	Cytochrome C and Quinol oxidase polypeptide I
AgossA	cox1	ATA	M	120	COX1	PF00115.18	13	460	Cytochrome C and Quinol oxidase polypeptide I
AgossA	cox1	ATA	M	126	COX1	PF00115.18	13	460	Cytochrome C and Quinol oxidase polypeptide I
AgossA	cox1	ATA	M	151	COX1	PF00115.18	13	460	Cytochrome C and Quinol oxidase polypeptide I
AgossA	cox1	ATA	M	205	COX1	PF00115.18	13	460	Cytochrome C and Quinol oxidase polypeptide I
AgossA	cox1	ATA	M	228	COX1	PF00115.18	13	460	Cytochrome C and Quinol oxidase polypeptide I
AgossA	cox1	ATA	M	231	COX1	PF00115.18	13	460	Cytochrome C and Quinol oxidase polypeptide I
AgossA	cox1	ATA	M	242	COX1	PF00115.18	13	460	Cytochrome C and Quinol oxidase polypeptide I
AgossA	cox1	ATA	M	296	COX1	PF00115.18	13	460	Cytochrome C and Quinol oxidase polypeptide I
AgossA	cox1	ATA	M	316	COX1	PF00115.18	13	460	Cytochrome C and Quinol oxidase polypeptide I
AgossA	cox1	ATA	M	317	COX1	PF00115.18	13	460	Cytochrome C and Quinol oxidase polypeptide I
AgossA	cox1	ATA	M	335	COX1	PF00115.18	13	460	Cytochrome C and Quinol oxidase polypeptide I
AgossA	cox1	ATA	M	339	COX1	PF00115.18	13	460	Cytochrome C and Quinol oxidase polypeptide I
AgossA	cox1	ATA	M	401	COX1	PF00115.18	13	460	Cytochrome C and Quinol oxidase polypeptide I
AgossA	cox1	ATA	M	430	COX1	PF00115.18	13	460	Cytochrome C and Quinol oxidase polypeptide I
AgossA	cox1	ATA	M	534	NID	NID	-	-	NID
AgossA	cox1	ATA	M	534	NID	NID	-	-	NID
ScastA	cox1	ATA	M	60	COX1	PF00115.18	12	459	Cytochrome C and Quinol oxidase polypeptide I
ScastA	cox1	ATA	M	103	COX1	PF00115.18	12	459	Cytochrome C and Quinol oxidase polypeptide I
ScastA	cox1	ATA	M	141	COX1	PF00115.18	12	459	Cytochrome C and Quinol oxidase polypeptide I
ScastA	cox1	ATA	M	205	COX1	PF00115.18	12	459	Cytochrome C and Quinol oxidase polypeptide I
ScastA	cox1	ATA	M	339	COX1	PF00115.18	12	459	Cytochrome C and Quinol oxidase polypeptide I
ScastA	cox1	ATA	M	442	COX1	PF00115.18	12	459	Cytochrome C and Quinol oxidase polypeptide I
AgossB	cox1	ATA	L	65	COX1	PF00115.18	13	460	Cytochrome C and Quinol oxidase polypeptide I
AgossB	cox1	ATA	L	71	COX1	PF00115.18	13	460	Cytochrome C and Quinol oxidase polypeptide I
AgossB	cox1	ATA	L	99	COX1	PF00115.18	13	460	Cytochrome C and Quinol oxidase polypeptide I
AgossB	cox1	ATA	L	105	COX1	PF00115.18	13	460	Cytochrome C and Quinol oxidase polypeptide I
AgossB	cox1	ATA	L	120	COX1	PF00115.18	13	460	Cytochrome C and Quinol oxidase polypeptide I
AgossB	cox1	ATA	L	126	COX1	PF00115.18	13	460	Cytochrome C and Quinol oxidase polypeptide I
AgossB	cox1	ATA	L	151	COX1	PF00115.18	13	460	Cytochrome C and Quinol oxidase polypeptide I
AgossB	cox1	ATA	L	205	COX1	PF00115.18	13	460	Cytochrome C and Quinol oxidase polypeptide I
AgossB	cox1	ATA	L	228	COX1	PF00115.18	13	460	Cytochrome C and Quinol oxidase polypeptide I
AgossB	cox1	ATA	L	231	COX1	PF00115.18	13	460	Cytochrome C and Quinol oxidase polypeptide I
AgossB	cox1	ATA	L	242	COX1	PF00115.18	13	460	Cytochrome C and Quinol oxidase polypeptide I
AgossB	cox1	ATA	L	296	COX1	PF00115.18	13	460	Cytochrome C and Quinol oxidase polypeptide I
AgossB	cox1	ATA	L	316	COX1	PF00115.18	13	460	Cytochrome C and Quinol oxidase polypeptide I
AgossB	cox1	ATA	L	317	COX1	PF00115.18	13	460	Cytochrome C and Quinol oxidase polypeptide I
AgossB	cox1	ATA	L	335	COX1	PF00115.18	13	460	Cytochrome C and Quinol oxidase polypeptide I
AgossB	cox1	ATA	L	339	COX1	PF00115.18	13	460	Cytochrome C and Quinol oxidase polypeptide I
AgossB	cox1	ATA	L	376	COX1	PF00115.18	13	460	Cytochrome C and Quinol oxidase polypeptide I
AgossB	cox1	ATA	L	401	COX1	PF00115.18	13	460	Cytochrome C and Quinol oxidase polypeptide I
AgossB	cox1	ATA	L	430	COX1	PF00115.18	13	460	Cytochrome C and Quinol oxidase polypeptide I
AgossB	cox1	ATA	L	487	NID	NID	-	-	NID
AgossB	cox1	ATA	L	534	NID	NID	-	-	NID
AgossA	cox1	ATA	L	65	COX1	PF00115.18	13	460	Cytochrome C and Quinol oxidase polypeptide I
AgossA	cox1	ATA	L	71	COX1	PF00115.18	13	460	Cytochrome C and Quinol oxidase polypeptide I
AgossA	cox1	ATA	L	99	COX1	PF00115.18	13	460	Cytochrome C and Quinol oxidase polypeptide I
AgossA	cox1	ATA	L	105	COX1	PF00115.18	13	460	Cytochrome C and Quinol oxidase polypeptide I
AgossA	cox1	ATA	L	120	COX1	PF00115.18	13	460	Cytochrome C and Quinol oxidase polypeptide I
AgossA	cox1	ATA	L	126	COX1	PF00115.18	13	460	Cytochrome C and Quinol oxidase polypeptide I
AgossA	cox1	ATA	L	151	COX1	PF00115.18	13	460	Cytochrome C and Quinol oxidase polypeptide I
AgossA	cox1	ATA	L	205	COX1	PF00115.18	13	460	Cytochrome C and Quinol oxidase polypeptide I
AgossA	cox1	ATA	L	228	COX1	PF00115.18	13	460	Cytochrome C and Quinol oxidase polypeptide I
AgossA	cox1	ATA	L	231	COX1	PF00115.18	13	460	Cytochrome C and Quinol oxidase polypeptide I
AgossA	cox1	ATA	L	242	COX1	PF00115.18	13	460	Cytochrome C and Quinol oxidase polypeptide I
AgossA	cox1	ATA	L	296	COX1	PF00115.18	13	460	Cytochrome C and Quinol oxidase polypeptide I
AgossA	cox1	ATA	L	316	COX1	PF00115.18	13	460	Cytochrome C and Quinol oxidase polypeptide I
AgossA	cox1	ATA	L	317	COX1	PF00115.18	13	460	Cytochrome C and Quinol oxidase polypeptide I
AgossA	cox1	ATA	L	335	COX1	PF00115.18	13	460	Cytochrome C and Quinol oxidase polypeptide I
AgossA	cox1	ATA	L	339	COX1	PF00115.18	13	460	Cytochrome C and Quinol oxidase polypeptide I
AgossA	cox1	ATA	L	401	COX1	PF00115.18	13	460	Cytochrome C and Quinol oxidase polypeptide I
AgossA	cox1	ATA	L	430	COX1	PF00115.18	13	460	Cytochrome C and Quinol oxidase polypeptide I
AgossA	cox1	ATA	L	534	NID	NID	-	-	NID
AgossA	cox1	ATA	L	534	NID	NID	-	-	NID
AacerA	cox1	CTA	A	96	COX1	PF00115.18	13	460	Cytochrome C and Quinol oxidase polypeptide I
AacerA	cox1	CTA	A	142	COX1	PF00115.18	13	460	Cytochrome C and Quinol oxidase polypeptide I
AacerA	cox1	CTA	A	156	COX1	PF00115.18	13	460	Cytochrome C and Quinol oxidase polypeptide I
AacerA	cox1	CTA	A	219	COX1	PF00115.18	13	460	Cytochrome C and Quinol oxidase polypeptide I
AacerA	cox1	CTA	A	300	COX1	PF00115.18	13	460	Cytochrome C and Quinol oxidase polypeptide I
AacerA	cox1	CTA	A	399	COX1	PF00115.18	13	460	Cytochrome C and Quinol oxidase polypeptide I
AacerA	cox1	CTA	A	416	COX1	PF00115.18	13	460	Cytochrome C and Quinol oxidase polypeptide I
AacerA	cox1	CTA	A	426	COX1	PF00115.18	13	460	Cytochrome C and Quinol oxidase polypeptide I
AacerA	cox1	CTA	A	453	COX1	PF00115.18	13	460	Cytochrome C and Quinol oxidase polypeptide I
AacerA	cox1	CTA	A	463	NID	NID	-	-	NID
AacerA	cox1	CTA	A	472	NID	NID	-	-	NID
AacerA	cox1	CTA	A	534	NID	NID	-	-	NID
AgossB	cox1	CTA	A	142	COX1	PF00115.18	13	460	Cytochrome C and Quinol oxidase polypeptide I
AgossB	cox1	CTA	A	156	COX1	PF00115.18	13	460	Cytochrome C and Quinol oxidase polypeptide I
AgossB	cox1	CTA	A	219	COX1	PF00115.18	13	460	Cytochrome C and Quinol oxidase polypeptide I
AgossB	cox1	CTA	A	300	COX1	PF00115.18	13	460	Cytochrome C and Quinol oxidase polypeptide I
AgossB	cox1	CTA	A	338	COX1	PF00115.18	13	460	Cytochrome C and Quinol oxidase polypeptide I
AgossB	cox1	CTA	A	416	COX1	PF00115.18	13	460	Cytochrome C and Quinol oxidase polypeptide I
AgossB	cox1	CTA	A	426	COX1	PF00115.18	13	460	Cytochrome C and Quinol oxidase polypeptide I
AgossB	cox1	CTA	A	433	COX1	PF00115.18	13	460	Cytochrome C and Quinol oxidase polypeptide I
AgossB	cox1	CTA	A	453	COX1	PF00115.18	13	460	Cytochrome C and Quinol oxidase polypeptide I
AgossB	cox1	CTA	A	472	NID	NID	-	-	NID
AgossB	cox1	CTA	A	534	NID	NID	-	-	NID
AgossA	cox1	CTA	A	142	COX1	PF00115.18	13	460	Cytochrome C and Quinol oxidase polypeptide I
AgossA	cox1	CTA	A	156	COX1	PF00115.18	13	460	Cytochrome C and Quinol oxidase polypeptide I
AgossA	cox1	CTA	A	219	COX1	PF00115.18	13	460	Cytochrome C and Quinol oxidase polypeptide I
AgossA	cox1	CTA	A	300	COX1	PF00115.18	13	460	Cytochrome C and Quinol oxidase polypeptide I
AgossA	cox1	CTA	A	338	COX1	PF00115.18	13	460	Cytochrome C and Quinol oxidase polypeptide I
AgossA	cox1	CTA	A	416	COX1	PF00115.18	13	460	Cytochrome C and Quinol oxidase polypeptide I
AgossA	cox1	CTA	A	426	COX1	PF00115.18	13	460	Cytochrome C and Quinol oxidase polypeptide I
AgossA	cox1	CTA	A	433	COX1	PF00115.18	13	460	Cytochrome C and Quinol oxidase polypeptide I
AgossA	cox1	CTA	A	453	COX1	PF00115.18	13	460	Cytochrome C and Quinol oxidase polypeptide I
AgossA	cox1	CTA	A	472	NID	NID	-	-	NID
AgossA	cox1	CTA	A	534	NID	NID	-	-	NID
HuvarA	cox1	CTG	T	187	COX1	PF00115.18	8	451	Cytochrome C and Quinol oxidase polypeptide I
ScereD	cox1	CTG	T	400	COX1	PF00115.18	12	459	Cytochrome C and Quinol oxidase polypeptide I
ScereE	cox1	CTG	T	400	COX1	PF00115.18	12	459	Cytochrome C and Quinol oxidase polypeptide I
CalaiA	cox1	AGC	T	93	COX1	PF00115.18	14	461	Cytochrome C and Quinol oxidase polypeptide I
LmeyeA	cox1	CTA	T	428	COX1	PF00115.18	12	459	Cytochrome C and Quinol oxidase polypeptide I
SarboA	cox1	CTA	T	397	COX1	PF00115.18	12	459	Cytochrome C and Quinol oxidase polypeptide I
SarboA	cox1	CTA	T	400	COX1	PF00115.18	12	459	Cytochrome C and Quinol oxidase polypeptide I
SarboA	cox1	CTA	T	417	COX1	PF00115.18	12	459	Cytochrome C and Quinol oxidase polypeptide I
SarboA	cox1	CTA	T	428	COX1	PF00115.18	12	459	Cytochrome C and Quinol oxidase polypeptide I
KtherA	cox1	CTA	T	428	COX1	PF00115.18	12	459	Cytochrome C and Quinol oxidase polypeptide I
NbaciA	cox1	CTA	T	533	NID	NID	-	-	NID
CcastA	cox1	CTA	T	400	COX1	PF00115.18	13	460	Cytochrome C and Quinol oxidase polypeptide I
CcastA	cox1	CTA	T	533	NID	NID	-	-	NID
LanspB	cox1	CTA	T	400	COX1	PF00115.18	12	459	Cytochrome C and Quinol oxidase polypeptide I
LanspB	cox1	CTA	T	428	COX1	PF00115.18	12	459	Cytochrome C and Quinol oxidase polypeptide I
LanspA	cox1	CTA	T	93	COX1	PF00115.18	12	459	Cytochrome C and Quinol oxidase polypeptide I
LanspA	cox1	CTA	T	428	COX1	PF00115.18	12	459	Cytochrome C and Quinol oxidase polypeptide I
HuvarA	cox1	CTA	T	63	COX1	PF00115.18	8	451	Cytochrome C and Quinol oxidase polypeptide I
HuvarA	cox1	CTA	T	206	COX1	PF00115.18	8	451	Cytochrome C and Quinol oxidase polypeptide I
HuvarA	cox1	CTA	T	225	COX1	PF00115.18	8	451	Cytochrome C and Quinol oxidase polypeptide I
HuvarA	cox1	CTA	T	407	COX1	PF00115.18	8	451	Cytochrome C and Quinol oxidase polypeptide I
HuvarA	cox1	CTA	T	417	COX1	PF00115.18	8	451	Cytochrome C and Quinol oxidase polypeptide I
HuvarA	cox1	CTA	T	441	COX1	PF00115.18	8	451	Cytochrome C and Quinol oxidase polypeptide I
NdelpA	cox1	CTA	T	533	NID	NID	-	-	NID
LkluyF	cox1	CTA	T	397	COX1	PF00115.18	12	459	Cytochrome C and Quinol oxidase polypeptide I
LkluyF	cox1	CTA	T	467	NID	NID	-	-	NID
LdasiA	cox1	CTA	T	428	COX1	PF00115.18	12	459	Cytochrome C and Quinol oxidase polypeptide I
LkluyE	cox1	CTA	T	397	COX1	PF00115.18	12	459	Cytochrome C and Quinol oxidase polypeptide I
LkluyE	cox1	CTA	T	467	NID	NID	-	-	NID
LkluyD	cox1	CTA	T	397	COX1	PF00115.18	12	459	Cytochrome C and Quinol oxidase polypeptide I
LkluyD	cox1	CTA	T	467	NID	NID	-	-	NID
LkluyC	cox1	CTA	T	397	COX1	PF00115.18	12	459	Cytochrome C and Quinol oxidase polypeptide I
LkluyC	cox1	CTA	T	467	NID	NID	-	-	NID
LkluyB	cox1	CTA	T	397	COX1	PF00115.18	12	459	Cytochrome C and Quinol oxidase polypeptide I
LkluyB	cox1	CTA	T	467	NID	NID	-	-	NID
LkluyA	cox1	CTA	T	397	COX1	PF00115.18	12	459	Cytochrome C and Quinol oxidase polypeptide I
LkluyA	cox1	CTA	T	467	NID	NID	-	-	NID
SpastA	cox1	CTA	T	428	COX1	PF00115.18	12	459	Cytochrome C and Quinol oxidase polypeptide I
ScereC	cox1	CTA	T	397	COX1	PF00115.18	12	459	Cytochrome C and Quinol oxidase polypeptide I
ScereC	cox1	CTA	T	400	COX1	PF00115.18	12	459	Cytochrome C and Quinol oxidase polypeptide I
ScereC	cox1	CTA	T	417	COX1	PF00115.18	12	459	Cytochrome C and Quinol oxidase polypeptide I
ScereC	cox1	CTA	T	428	COX1	PF00115.18	12	459	Cytochrome C and Quinol oxidase polypeptide I
ScereA	cox1	CTA	T	397	COX1	PF00115.18	12	459	Cytochrome C and Quinol oxidase polypeptide I
ScereA	cox1	CTA	T	400	COX1	PF00115.18	12	459	Cytochrome C and Quinol oxidase polypeptide I
ScereA	cox1	CTA	T	417	COX1	PF00115.18	12	459	Cytochrome C and Quinol oxidase polypeptide I
ScereA	cox1	CTA	T	428	COX1	PF00115.18	12	459	Cytochrome C and Quinol oxidase polypeptide I
ScereD	cox1	CTA	T	397	COX1	PF00115.18	12	459	Cytochrome C and Quinol oxidase polypeptide I
ScereD	cox1	CTA	T	417	COX1	PF00115.18	12	459	Cytochrome C and Quinol oxidase polypeptide I
ScereD	cox1	CTA	T	428	COX1	PF00115.18	12	459	Cytochrome C and Quinol oxidase polypeptide I
ScereE	cox1	CTA	T	397	COX1	PF00115.18	12	459	Cytochrome C and Quinol oxidase polypeptide I
ScereE	cox1	CTA	T	417	COX1	PF00115.18	12	459	Cytochrome C and Quinol oxidase polypeptide I
ScereE	cox1	CTA	T	428	COX1	PF00115.18	12	459	Cytochrome C and Quinol oxidase polypeptide I
LnothA	cox1	CTA	T	400	COX1	PF00115.18	12	459	Cytochrome C and Quinol oxidase polypeptide I
LnothA	cox1	CTA	T	428	COX1	PF00115.18	12	459	Cytochrome C and Quinol oxidase polypeptide I
ScastA	cox1	CTA	T	428	COX1	PF00115.18	12	459	Cytochrome C and Quinol oxidase polypeptide I
ScastA	cox1	CTA	T	467	ERGIC_N|447-508	PF13850.4	447	508	Endoplasmic Reticulum-Golgi Intermediate Compartment (ERGIC)
HuvarA	cox1	CTT	F	39	COX1	PF00115.18	8	451	Cytochrome C and Quinol oxidase polypeptide I
HuvarA	cox1	CTT	F	251	COX1	PF00115.18	8	451	Cytochrome C and Quinol oxidase polypeptide I
HuvarA	cox1	CTT	F	462	NID	NID	-	-	NID
HuvarA	cox1	CTT	F	517	NID	NID	-	-	NID
LmeyeA	cox1	CTA	V	428	COX1	PF00115.18	12	459	Cytochrome C and Quinol oxidase polypeptide I
LanspB	cox1	CTA	V	400	COX1	PF00115.18	12	459	Cytochrome C and Quinol oxidase polypeptide I
LanspB	cox1	CTA	V	428	COX1	PF00115.18	12	459	Cytochrome C and Quinol oxidase polypeptide I
LdasiA	cox1	CTA	V	428	COX1	PF00115.18	12	459	Cytochrome C and Quinol oxidase polypeptide I
LnothA	cox1	CTA	V	400	COX1	PF00115.18	12	459	Cytochrome C and Quinol oxidase polypeptide I
LnothA	cox1	CTA	V	428	COX1	PF00115.18	12	459	Cytochrome C and Quinol oxidase polypeptide I
AacerA	cox1	CTT	A	195	COX1	PF00115.18	13	460	Cytochrome C and Quinol oxidase polypeptide I
AacerA	cox1	CTT	A	404	COX1	PF00115.18	13	460	Cytochrome C and Quinol oxidase polypeptide I
AacerA	cox1	CTT	A	530	NID	NID	-	-	NID
AgossB	cox1	CTT	A	96	COX1	PF00115.18	13	460	Cytochrome C and Quinol oxidase polypeptide I
AgossB	cox1	CTT	A	195	COX1	PF00115.18	13	460	Cytochrome C and Quinol oxidase polypeptide I
AgossB	cox1	CTT	A	404	COX1	PF00115.18	13	460	Cytochrome C and Quinol oxidase polypeptide I
AgossB	cox1	CTT	A	530	NID	NID	-	-	NID
AgossA	cox1	CTT	A	96	COX1	PF00115.18	13	460	Cytochrome C and Quinol oxidase polypeptide I
AgossA	cox1	CTT	A	195	COX1	PF00115.18	13	460	Cytochrome C and Quinol oxidase polypeptide I
AgossA	cox1	CTT	A	404	COX1	PF00115.18	13	460	Cytochrome C and Quinol oxidase polypeptide I
AgossA	cox1	CTT	A	530	NID	NID	-	-	NID
LmeyeA	atp6	CTT	T	158	ATP-synt_A	PF00119.18	39	253	ATP synthase A chain
KtherA	atp6	CTT	T	158	ATP-synt_A	PF00119.18	36	253	ATP synthase A chain
LanspB	atp6	CTT	T	158	ATP-synt_A	PF00119.18	39	253	ATP synthase A chain
LdasiA	atp6	CTT	T	158	ATP-synt_A	PF00119.18	39	253	ATP synthase A chain
LnothA	atp6	CTT	T	158	ATP-synt_A	PF00119.18	39	253	ATP synthase A chain
SarboA	atp6	CTA	T	221	ATP-synt_A	PF00119.18	39	252	ATP synthase A chain
NbaciA	atp6	CTA	T	221	ATP-synt_A	PF00119.18	38	253	ATP synthase A chain
CcastA	atp6	CTA	T	157	ATP-synt_A	PF00119.18	35	248	ATP synthase A chain
LanspA	atp6	CTA	T	158	ATP-synt_A	PF00119.18	39	252	ATP synthase A chain
LanspA	atp6	CTA	T	221	ATP-synt_A	PF00119.18	39	252	ATP synthase A chain
HuvarA	atp6	CTA	T	135	ATP-synt_A	PF00119.18	6	196	ATP synthase A chain
NdelpA	atp6	CTA	T	185	ATP-synt_A	PF00119.18	37	250	ATP synthase A chain
SpastA	atp6	CTA	T	221	ATP-synt_A	PF00119.18	39	252	ATP synthase A chain
ScereC	atp6	CTA	T	221	ATP-synt_A	PF00119.18	39	252	ATP synthase A chain
ScereA	atp6	CTA	T	221	ATP-synt_A	PF00119.18	39	252	ATP synthase A chain
ScereD	atp6	CTA	T	221	ATP-synt_A	PF00119.18	39	252	ATP synthase A chain
ScereE	atp6	CTA	T	221	ATP-synt_A	PF00119.18	39	252	ATP synthase A chain
ScastA	atp6	CTA	T	258	NID	NID	-	-	NID
SarboA	atp6	ATA	M	214	ATP-synt_A	PF00119.18	39	252	ATP synthase A chain
NbaciA	atp6	ATA	M	130	ATP-synt_A	PF00119.18	38	253	ATP synthase A chain
NbaciA	atp6	ATA	M	214	ATP-synt_A	PF00119.18	38	253	ATP synthase A chain
CcastA	atp6	ATA	M	114	ATP-synt_A	PF00119.18	35	248	ATP synthase A chain
CcastA	atp6	ATA	M	130	ATP-synt_A	PF00119.18	35	248	ATP synthase A chain
CcastA	atp6	ATA	M	214	ATP-synt_A	PF00119.18	35	248	ATP synthase A chain
CcastA	atp6	ATA	M	253	NID	NID	-	-	NID
AgossB	atp6	ATA	M	50	ATP-synt_A	PF00119.18	35	248	ATP synthase A chain
AgossB	atp6	ATA	M	85	ATP-synt_A	PF00119.18	35	248	ATP synthase A chain
AgossB	atp6	ATA	M	125	ATP-synt_A	PF00119.18	35	248	ATP synthase A chain
AgossB	atp6	ATA	M	130	ATP-synt_A	PF00119.18	35	248	ATP synthase A chain
AgossB	atp6	ATA	M	137	ATP-synt_A	PF00119.18	35	248	ATP synthase A chain
AgossB	atp6	ATA	M	147	ATP-synt_A	PF00119.18	35	248	ATP synthase A chain
AgossB	atp6	ATA	M	208	ATP-synt_A	PF00119.18	35	248	ATP synthase A chain
AgossB	atp6	ATA	M	226	ATP-synt_A	PF00119.18	35	248	ATP synthase A chain
AgossA	atp6	ATA	M	50	ATP-synt_A	PF00119.18	43	256	ATP synthase A chain
AgossA	atp6	ATA	M	85	ATP-synt_A	PF00119.18	43	256	ATP synthase A chain
AgossA	atp6	ATA	M	125	ATP-synt_A	PF00119.18	43	256	ATP synthase A chain
AgossA	atp6	ATA	M	130	ATP-synt_A	PF00119.18	43	256	ATP synthase A chain
AgossA	atp6	ATA	M	137	ATP-synt_A	PF00119.18	43	256	ATP synthase A chain
AgossA	atp6	ATA	M	147	ATP-synt_A	PF00119.18	43	256	ATP synthase A chain
AgossA	atp6	ATA	M	208	ATP-synt_A	PF00119.18	43	256	ATP synthase A chain
AgossA	atp6	ATA	M	226	ATP-synt_A	PF00119.18	43	256	ATP synthase A chain
ScastA	atp6	ATA	M	85	ATP-synt_A	PF00119.18	39	252	ATP synthase A chain
ScastA	atp6	ATA	M	90	ATP-synt_A	PF00119.18	39	252	ATP synthase A chain
ScastA	atp6	ATA	M	98	ATP-synt_A	PF00119.18	39	252	ATP synthase A chain
ScastA	atp6	ATA	M	158	ATP-synt_A	PF00119.18	39	252	ATP synthase A chain
ScastA	atp6	ATA	M	190	ATP-synt_A	PF00119.18	39	252	ATP synthase A chain
ScastA	atp6	ATA	M	194	ATP-synt_A	PF00119.18	39	252	ATP synthase A chain
ScastA	atp6	ATA	M	208	ATP-synt_A	PF00119.18	39	252	ATP synthase A chain
ScastA	atp6	ATA	M	214	ATP-synt_A	PF00119.18	39	252	ATP synthase A chain
ScastA	atp6	ATA	M	226	ATP-synt_A	PF00119.18	39	252	ATP synthase A chain
AgossB	atp6	ATA	L	50	ATP-synt_A	PF00119.18	35	248	ATP synthase A chain
AgossB	atp6	ATA	L	85	ATP-synt_A	PF00119.18	35	248	ATP synthase A chain
AgossB	atp6	ATA	L	125	ATP-synt_A	PF00119.18	35	248	ATP synthase A chain
AgossB	atp6	ATA	L	130	ATP-synt_A	PF00119.18	35	248	ATP synthase A chain
AgossB	atp6	ATA	L	137	ATP-synt_A	PF00119.18	35	248	ATP synthase A chain
AgossB	atp6	ATA	L	147	ATP-synt_A	PF00119.18	35	248	ATP synthase A chain
AgossB	atp6	ATA	L	208	ATP-synt_A	PF00119.18	35	248	ATP synthase A chain
AgossB	atp6	ATA	L	226	ATP-synt_A	PF00119.18	35	248	ATP synthase A chain
AgossA	atp6	ATA	L	50	ATP-synt_A	PF00119.18	43	256	ATP synthase A chain
AgossA	atp6	ATA	L	85	ATP-synt_A	PF00119.18	43	256	ATP synthase A chain
AgossA	atp6	ATA	L	125	ATP-synt_A	PF00119.18	43	256	ATP synthase A chain
AgossA	atp6	ATA	L	130	ATP-synt_A	PF00119.18	43	256	ATP synthase A chain
AgossA	atp6	ATA	L	137	ATP-synt_A	PF00119.18	43	256	ATP synthase A chain
AgossA	atp6	ATA	L	147	ATP-synt_A	PF00119.18	43	256	ATP synthase A chain
AgossA	atp6	ATA	L	208	ATP-synt_A	PF00119.18	43	256	ATP synthase A chain
AgossA	atp6	ATA	L	226	ATP-synt_A	PF00119.18	43	256	ATP synthase A chain
AgossB	atp6	CTT	A	52	ATP-synt_A	PF00119.18	35	248	ATP synthase A chain
AgossB	atp6	CTT	A	121	ATP-synt_A	PF00119.18	35	248	ATP synthase A chain
AgossB	atp6	CTT	A	196	ATP-synt_A	PF00119.18	35	248	ATP synthase A chain
AgossB	atp6	CTT	A	254	NID	NID	-	-	NID
AgossA	atp6	CTT	A	52	ATP-synt_A	PF00119.18	43	256	ATP synthase A chain
AgossA	atp6	CTT	A	121	ATP-synt_A	PF00119.18	43	256	ATP synthase A chain
AgossA	atp6	CTT	A	196	ATP-synt_A	PF00119.18	43	256	ATP synthase A chain
AgossA	atp6	CTT	A	256	ATP-synt_A	PF00119.18	43	256	ATP synthase A chain
NbaciA	cob	CTT	T	295	Cytochrome_B|274-378	PF00033.17	274	378	Cytochrome b/b6/petB
HuvarA	cob	CTT	T	128	Cytochrom_B_N_2|86-265	PF13631.4	86	265	Cytochrome b(N-terminal)/b6/petB
HuvarA	cob	CTT	T	204	Cytochrom_B_N_2|86-265	PF13631.4	86	265	Cytochrome b(N-terminal)/b6/petB
HuvarA	cob	CTT	T	226	Cytochrom_B_N_2|86-265	PF13631.4	86	265	Cytochrome b(N-terminal)/b6/petB
HuvarA	cob	CTT	T	235	Cytochrom_B_N_2|86-265	PF13631.4	86	265	Cytochrome b(N-terminal)/b6/petB
HuvarA	cob	CTT	T	236	Cytochrom_B_N_2|86-265	PF13631.4	86	265	Cytochrome b(N-terminal)/b6/petB
HuvarA	cob	CTT	T	238	Cytochrom_B_N_2|86-265	PF13631.4	86	265	Cytochrome b(N-terminal)/b6/petB
SpastA	cob	CTT	T	295	Cytochrom_B_C|258-359	PF00032.15	258	359	Cytochrome b(C-terminal)/b6/petD
ScastA	cob	CTT	T	176	Cytochrom_B_N_2|86-253	PF13631.4	86	253	Cytochrome b(N-terminal)/b6/petB
ScastA	cob	CTT	T	295	Cytochrom_B_N_2|288-372	PF13631.4	288	372	Cytochrome b(N-terminal)/b6/petB
SarboA	cob	ATA	M	200	Cytochrom_B_C|176-224	PF00032.15	176	224	Cytochrome b(C-terminal)/b6/petD
CcastA	cob	ATA	M	46	Cytochrome_B	PF00033.17	16	204	Cytochrome b/b6/petB
CcastA	cob	ATA	M	51	Cytochrome_B	PF00033.17	16	204	Cytochrome b/b6/petB
CcastA	cob	ATA	M	70	Cytochrom_B_C	PF00032.15	59	155	Cytochrome b(C-terminal)/b6/petD
AgossB	cob	ATA	M	94	Cytochrom_B_N_2|86-253	PF13631.4	86	253	Cytochrome b(N-terminal)/b6/petB
AgossB	cob	ATA	M	126	Cytochrom_B_N_2|86-253	PF13631.4	86	253	Cytochrome b(N-terminal)/b6/petB
AgossB	cob	ATA	M	178	Cytochrom_B_C|160-224	PF00032.15	160	224	Cytochrome b(C-terminal)/b6/petD
AgossB	cob	ATA	M	194	Cytochrom_B_C|160-224	PF00032.15	160	224	Cytochrome b(C-terminal)/b6/petD
AgossB	cob	ATA	M	238	Cytochrom_B_N_2|86-253	PF13631.4	86	253	Cytochrome b(N-terminal)/b6/petB
AgossB	cob	ATA	M	296	Cytochrom_B_C|258-359	PF00032.15	258	359	Cytochrome b(C-terminal)/b6/petD
AgossB	cob	ATA	M	352	Cytochrom_B_N_2|309-377	PF13631.4	309	377	Cytochrome b(N-terminal)/b6/petB
AgossB	cob	ATA	M	373	Cytochrom_B_N_2|309-377	PF13631.4	309	377	Cytochrome b(N-terminal)/b6/petB
ScereC	cob	ATA	M	70	Cytochrome_B	PF00033.17	16	204	Cytochrome b/b6/petB
ScereA	cob	ATA	M	70	Cytochrome_B	PF00033.17	16	204	Cytochrome b/b6/petB
ScereD	cob	ATA	M	70	Cytochrome_B	PF00033.17	16	204	Cytochrome b/b6/petB
AgossA	cob	ATA	M	126	Cytochrom_B_C|80-155	PF00032.15	80	155	Cytochrome b(C-terminal)/b6/petD
AgossA	cob	ATA	M	178	Cytochrom_B_N_2|86-253	PF13631.4	86	253	Cytochrome b(N-terminal)/b6/petB
AgossA	cob	ATA	M	194	Cytochrom_B_N_2|86-253	PF13631.4	86	253	Cytochrome b(N-terminal)/b6/petB
AgossA	cob	ATA	M	238	Cytochrom_B_N_2|86-253	PF13631.4	86	253	Cytochrome b(N-terminal)/b6/petB
AgossA	cob	ATA	M	296	Cytochrom_B_C|258-359	PF00032.15	258	359	Cytochrome b(C-terminal)/b6/petD
AgossA	cob	ATA	M	352	Cytochrom_B_N_2|309-377	PF13631.4	309	377	Cytochrome b(N-terminal)/b6/petB
AgossA	cob	ATA	M	373	Cytochrom_B_N_2|309-377	PF13631.4	309	377	Cytochrome b(N-terminal)/b6/petB
ScastA	cob	ATA	M	51	Cytochrom_B_C	PF00032.15	14	67	Cytochrome b(C-terminal)/b6/petD
ScastA	cob	ATA	M	126	Cytochrom_B_N_2|86-253	PF13631.4	86	253	Cytochrome b(N-terminal)/b6/petB
ScastA	cob	ATA	M	140	Cytochrom_B_N_2|86-253	PF13631.4	86	253	Cytochrome b(N-terminal)/b6/petB
ScastA	cob	ATA	M	197	Cytochrom_B_N_2|86-253	PF13631.4	86	253	Cytochrome b(N-terminal)/b6/petB
ScastA	cob	ATA	M	291	Cytochrom_B_N_2|288-372	PF13631.4	288	372	Cytochrome b(N-terminal)/b6/petB
ScastA	cob	ATA	M	352	Cytochrom_B_N_2|288-372	PF13631.4	288	372	Cytochrome b(N-terminal)/b6/petB
AgossB	cob	ATA	L	94	Cytochrom_B_N_2|86-253	PF13631.4	86	253	Cytochrome b(N-terminal)/b6/petB
AgossB	cob	ATA	L	126	Cytochrom_B_N_2|86-253	PF13631.4	86	253	Cytochrome b(N-terminal)/b6/petB
AgossB	cob	ATA	L	178	Cytochrom_B_C|160-224	PF00032.15	160	224	Cytochrome b(C-terminal)/b6/petD
AgossB	cob	ATA	L	194	Cytochrom_B_C|160-224	PF00032.15	160	224	Cytochrome b(C-terminal)/b6/petD
AgossB	cob	ATA	L	238	Cytochrom_B_N_2|86-253	PF13631.4	86	253	Cytochrome b(N-terminal)/b6/petB
AgossB	cob	ATA	L	296	Cytochrom_B_C|258-359	PF00032.15	258	359	Cytochrome b(C-terminal)/b6/petD
AgossB	cob	ATA	L	352	Cytochrom_B_N_2|309-377	PF13631.4	309	377	Cytochrome b(N-terminal)/b6/petB
AgossB	cob	ATA	L	373	Cytochrom_B_N_2|309-377	PF13631.4	309	377	Cytochrome b(N-terminal)/b6/petB
AgossA	cob	ATA	L	126	Cytochrom_B_C|80-155	PF00032.15	80	155	Cytochrome b(C-terminal)/b6/petD
AgossA	cob	ATA	L	178	Cytochrom_B_N_2|86-253	PF13631.4	86	253	Cytochrome b(N-terminal)/b6/petB
AgossA	cob	ATA	L	194	Cytochrom_B_N_2|86-253	PF13631.4	86	253	Cytochrome b(N-terminal)/b6/petB
AgossA	cob	ATA	L	238	Cytochrom_B_N_2|86-253	PF13631.4	86	253	Cytochrome b(N-terminal)/b6/petB
AgossA	cob	ATA	L	296	Cytochrom_B_C|258-359	PF00032.15	258	359	Cytochrome b(C-terminal)/b6/petD
AgossA	cob	ATA	L	352	Cytochrom_B_N_2|309-377	PF13631.4	309	377	Cytochrome b(N-terminal)/b6/petB
AgossA	cob	ATA	L	373	Cytochrom_B_N_2|309-377	PF13631.4	309	377	Cytochrome b(N-terminal)/b6/petB
AgossB	cob	CTA	A	182	Cytochrom_B_C|160-224	PF00032.15	160	224	Cytochrome b(C-terminal)/b6/petD
AgossB	cob	CTA	A	201	Cytochrom_B_C|160-224	PF00032.15	160	224	Cytochrome b(C-terminal)/b6/petD
AgossB	cob	CTA	A	382	NID	NID	-	-	NID
AgossA	cob	CTA	A	182	Cytochrom_B_N_2|86-253	PF13631.4	86	253	Cytochrome b(N-terminal)/b6/petB
AgossA	cob	CTA	A	201	Cytochrom_B_N_2|86-253	PF13631.4	86	253	Cytochrome b(N-terminal)/b6/petB
AgossA	cob	CTA	A	382	NID	NID	-	-	NID
HuvarA	cob	CTG	T	65	Cytochrom_B_N_2	PF13631.4	23	84	Cytochrome b(N-terminal)/b6/petB
HuvarA	cob	CTG	T	255	Cytochrom_B_N_2|86-265	PF13631.4	86	265	Cytochrome b(N-terminal)/b6/petB
LmeyeA	cob	CTA	T	146	Cytochrom_B_N_2|86-253	PF13631.4	86	253	Cytochrome b(N-terminal)/b6/petB
SarboA	cob	CTA	T	146	Cytochrom_B_C|74-155	PF00032.15	74	155	Cytochrome b(C-terminal)/b6/petD
SarboA	cob	CTA	T	176	Cytochrom_B_C|176-224	PF00032.15	176	224	Cytochrome b(C-terminal)/b6/petD
SarboA	cob	CTA	T	295	Cytochrome_B|287-379	PF00033.17	287	379	Cytochrome b/b6/petB
KtherA	cob	CTA	T	146	Cytochrom_B_N_2|86-253	PF13631.4	86	253	Cytochrome b(N-terminal)/b6/petB
NbaciA	cob	CTA	T	65	Cytochrome_B	PF00033.17	16	204	Cytochrome b/b6/petB
NbaciA	cob	CTA	T	146	Cytochrom_B_N_2|86-253	PF13631.4	86	253	Cytochrome b(N-terminal)/b6/petB
NbaciA	cob	CTA	T	266	Cytochrom_B_C|258-359	PF00032.15	258	359	Cytochrome b(C-terminal)/b6/petD
CcastA	cob	CTA	T	146	Cytochrom_B_N_2|86-253	PF13631.4	86	253	Cytochrome b(N-terminal)/b6/petB
CcastA	cob	CTA	T	176	Cytochrom_B_C|170-224	PF00032.15	170	224	Cytochrome b(C-terminal)/b6/petD
CcastA	cob	CTA	T	295	Cytochrom_B_C|258-359	PF00032.15	258	359	Cytochrome b(C-terminal)/b6/petD
CcastA	cob	CTA	T	309	Cytochrom_B_C|258-359	PF00032.15	258	359	Cytochrome b(C-terminal)/b6/petD
LanspB	cob	CTA	T	146	Cytochrom_B_C	PF00032.15	76	155	Cytochrome b(C-terminal)/b6/petD
LanspA	cob	CTA	T	146	Cytochrom_B_N_2|86-253	PF13631.4	86	253	Cytochrome b(N-terminal)/b6/petB
HuvarA	cob	CTA	T	176	Cytochrom_B_N_2|86-265	PF13631.4	86	265	Cytochrome b(N-terminal)/b6/petB
HuvarA	cob	CTA	T	266	Cytochrom_B_C|258-359	PF00032.15	258	359	Cytochrome b(C-terminal)/b6/petD
HuvarA	cob	CTA	T	281	TrbC|274-305	PF04956.11	274	305	TrbC/VIRB2 family
NdelpA	cob	CTA	T	146	Cytochrom_B_N_2|86-253	PF13631.4	86	253	Cytochrome b(N-terminal)/b6/petB
NdelpA	cob	CTA	T	309	Cytochrom_B_C|258-359	PF00032.15	258	359	Cytochrome b(C-terminal)/b6/petD
LkluyF	cob	CTA	T	146	Cytochrom_B_N_2|86-253	PF13631.4	86	253	Cytochrome b(N-terminal)/b6/petB
LdasiA	cob	CTA	T	146	Cytochrom_B_N_2|86-253	PF13631.4	86	253	Cytochrome b(N-terminal)/b6/petB
LkluyE	cob	CTA	T	146	Cytochrom_B_N_2|86-253	PF13631.4	86	253	Cytochrome b(N-terminal)/b6/petB
LkluyD	cob	CTA	T	146	Cytochrom_B_C|76-155	PF00032.15	76	155	Cytochrome b(C-terminal)/b6/petD
LkluyD	cob	CTA	T	163	Cytochrom_B_N_2|86-253	PF13631.4	86	253	Cytochrome b(N-terminal)/b6/petB
LkluyC	cob	CTA	T	146	Cytochrom_B_N_2|86-253	PF13631.4	86	253	Cytochrome b(N-terminal)/b6/petB
LkluyA	cob	CTA	T	146	Cytochrom_B_N_2|86-253	PF13631.4	86	253	Cytochrome b(N-terminal)/b6/petB
SpastA	cob	CTA	T	146	Cytochrom_B_N_2|86-253	PF13631.4	86	253	Cytochrome b(N-terminal)/b6/petB
SpastA	cob	CTA	T	176	Cytochrom_B_C|176-224	PF00032.15	176	224	Cytochrome b(C-terminal)/b6/petD
ScereC	cob	CTA	T	146	Cytochrom_B_N_2|86-253	PF13631.4	86	253	Cytochrome b(N-terminal)/b6/petB
ScereC	cob	CTA	T	176	Cytochrom_B_C|176-224	PF00032.15	176	224	Cytochrome b(C-terminal)/b6/petD
ScereC	cob	CTA	T	295	Cytochrom_B_N_2|282-375	PF13631.4	282	375	Cytochrome b(N-terminal)/b6/petB
ScereA	cob	CTA	T	146	Cytochrom_B_N_2|86-253	PF13631.4	86	253	Cytochrome b(N-terminal)/b6/petB
ScereA	cob	CTA	T	176	Cytochrom_B_C|176-224	PF00032.15	176	224	Cytochrome b(C-terminal)/b6/petD
ScereA	cob	CTA	T	295	Cytochrom_B_N_2|282-375	PF13631.4	282	375	Cytochrome b(N-terminal)/b6/petB
ScereD	cob	CTA	T	146	Cytochrom_B_N_2|86-253	PF13631.4	86	253	Cytochrome b(N-terminal)/b6/petB
ScereD	cob	CTA	T	176	Cytochrom_B_C|176-224	PF00032.15	176	224	Cytochrome b(C-terminal)/b6/petD
ScereD	cob	CTA	T	295	Cytochrom_B_N_2|282-375	PF13631.4	282	375	Cytochrome b(N-terminal)/b6/petB
ScereE	cob	CTA	T	146	Cytochrom_B_N_2|86-253	PF13631.4	86	253	Cytochrome b(N-terminal)/b6/petB
ScereE	cob	CTA	T	176	Cytochrom_B_C|176-224	PF00032.15	176	224	Cytochrome b(C-terminal)/b6/petD
ScereE	cob	CTA	T	295	Cytochrom_B_N_2|291-375	PF13631.4	291	375	Cytochrome b(N-terminal)/b6/petB
LnothA	cob	CTA	T	146	Cytochrom_B_N_2|86-253	PF13631.4	86	253	Cytochrome b(N-terminal)/b6/petB
ScastA	cob	CTA	T	146	Cytochrom_B_N_2|86-253	PF13631.4	86	253	Cytochrome b(N-terminal)/b6/petB
ScastA	cob	CTA	T	266	Cytochrom_B_C|258-359	PF00032.15	258	359	Cytochrome b(C-terminal)/b6/petD
HuvarA	cob	CTT	F	128	Cytochrom_B_N_2|86-265	PF13631.4	86	265	Cytochrome b(N-terminal)/b6/petB
HuvarA	cob	CTT	F	204	Cytochrom_B_N_2|86-265	PF13631.4	86	265	Cytochrome b(N-terminal)/b6/petB
HuvarA	cob	CTT	F	226	Cytochrom_B_N_2|86-265	PF13631.4	86	265	Cytochrome b(N-terminal)/b6/petB
HuvarA	cob	CTT	F	235	Cytochrom_B_N_2|86-265	PF13631.4	86	265	Cytochrome b(N-terminal)/b6/petB
HuvarA	cob	CTT	F	236	Cytochrom_B_N_2|86-265	PF13631.4	86	265	Cytochrome b(N-terminal)/b6/petB
HuvarA	cob	CTT	F	238	Cytochrom_B_N_2|86-265	PF13631.4	86	265	Cytochrome b(N-terminal)/b6/petB
LmeyeA	cob	CTA	V	146	Cytochrom_B_N_2|86-253	PF13631.4	86	253	Cytochrome b(N-terminal)/b6/petB
LanspB	cob	CTA	V	146	Cytochrom_B_C	PF00032.15	76	155	Cytochrome b(C-terminal)/b6/petD
LdasiA	cob	CTA	V	146	Cytochrom_B_N_2|86-253	PF13631.4	86	253	Cytochrome b(N-terminal)/b6/petB
LnothA	cob	CTA	V	146	Cytochrom_B_N_2|86-253	PF13631.4	86	253	Cytochrome b(N-terminal)/b6/petB
AgossB	cob	CTT	A	46	Cytochrom_B_C	PF00032.15	16	67	Cytochrome b(C-terminal)/b6/petD
AgossB	cob	CTT	A	84	Cytochrom_B_C|82-155	PF00032.15	82	155	Cytochrome b(C-terminal)/b6/petD
AgossB	cob	CTT	A	281	Cytochrom_B_C|258-359	PF00032.15	258	359	Cytochrome b(C-terminal)/b6/petD
AgossB	cob	CTT	A	299	Cytochrom_B_C|258-359	PF00032.15	258	359	Cytochrome b(C-terminal)/b6/petD
AgossB	cob	CTT	A	332	Cytochrom_B_N_2|309-377	PF13631.4	309	377	Cytochrome b(N-terminal)/b6/petB
AgossA	cob	CTT	A	46	Cytochrom_B_C	PF00032.15	16	67	Cytochrome b(C-terminal)/b6/petD
AgossA	cob	CTT	A	84	Cytochrom_B_C|80-155	PF00032.15	80	155	Cytochrome b(C-terminal)/b6/petD
AgossA	cob	CTT	A	281	Cytochrom_B_C|258-359	PF00032.15	258	359	Cytochrome b(C-terminal)/b6/petD
AgossA	cob	CTT	A	299	Cytochrom_B_C|258-359	PF00032.15	258	359	Cytochrome b(C-terminal)/b6/petD
AgossA	cob	CTT	A	332	Cytochrom_B_N_2|309-377	PF13631.4	309	377	Cytochrome b(N-terminal)/b6/petB
